{"cameraMode":{"drawMode":0,"name":"Shaded","section":"Shading Mode"},"sceneLighting":true,"audioPlay":false,"sceneViewState":{"m_AlwaysRefresh":false,"showFog":true,"showSkybox":true,"showFlares":true,"showImageEffects":true,"showParticleSystems":true,"showVisualEffectGraphs":true,"m_FxEnabled":true},"in2DMode":false,"pivot":{"x":-0.48853862285614016,"y":1.5574207305908204,"z":1.5912644863128663},"rotation":{"x":-0.007129120174795389,"y":0.9152563810348511,"z":-0.4024973213672638,"w":-0.01619991846382618},"size":5.923199653625488,"orthographic":false}